{
  "module_names": [
    {
      "branches": 4,
      "branches_missing": 2,
      "branches_partial": 2,
      "coverage": 72.09302325581395,
      "lines": [
        1,
        2,
        3,
        4,
        7,
        9,
        10,
        12,
        13,
        14,
        15,
        19,
        20,
        21,
        22,
        23,
        24,
        25,
        26,
        47,
        48,
        49,
        50,
        51,
        52,
        53,
        54,
        55,
        56,
        59,
        60,
        64,
        65,
        66,
        67,
        68,
        69,
        71,
        72,
        75,
        76,
        78,
        79
      ],
      "lines_not_covered": [
        48,
        49,
        50,
        51,
        52,
        53,
        54,
        55,
        56,
        60,
        75,
        79
      ],
      "module": "sele",
      "sum_lines": 43,
      "sum_lines_not_covered": 12
    }
  ],
  "overall_branch_coverage": 50.0,
  "overall_branch_partial_coverage": 50.0,
  "overall_coverage": 72.09302325581395
}